product,country,year,value
Solid fossil fuels,Germany,1990,1119157.2
Solid fossil fuels,Germany,1991,1107622.8
Solid fossil fuels,Germany,1992,1064419.2
Solid fossil fuels,Germany,1993,1055674.8
Solid fossil fuels,Germany,1994,1045022.4
Solid fossil fuels,Germany,1995,1040911.2
Solid fossil fuels,Germany,1996,1065571.2
Solid fossil fuels,Germany,1997,1023624.0
Solid fossil fuels,Germany,1998,1052128.8
Solid fossil fuels,Germany,1999,1012572.0
Solid fossil fuels,Germany,2000,1068073.2
Solid fossil fuels,Germany,2001,1057442.4
Solid fossil fuels,Germany,2002,1078538.4
Solid fossil fuels,Germany,2003,1097028.0
Solid fossil fuels,Germany,2004,1076137.2
Solid fossil fuels,Germany,2005,1037314.8
Solid fossil fuels,Germany,2006,1040169.6
Solid fossil fuels,Germany,2007,1069578.0
Solid fossil fuels,Germany,2008,990752.4
Solid fossil fuels,Germany,2009,912402.0
Solid fossil fuels,Germany,2010,946429.2
Solid fossil fuels,Germany,2011,944892.0
Solid fossil fuels,Germany,2012,994420.8
Solid fossil fuels,Germany,2013,1037527.2
Solid fossil fuels,Germany,2014,987876.0
Solid fossil fuels,Germany,2015,979920.0
Solid fossil fuels,Germany,2016,942282.0
Solid fossil fuels,Germany,2017,868514.4
Solid fossil fuels,Germany,2018,821361.6
Solid fossil fuels,Germany,2019,617220.0
Solid fossil fuels,Germany,2020,480916.8
Solid fossil fuels,Spain,1990,215053.2
Solid fossil fuels,Spain,1991,211665.6
Solid fossil fuels,Spain,1992,231199.2
Solid fossil fuels,Spain,1993,224686.8
Solid fossil fuels,Spain,1994,221637.6
Solid fossil fuels,Spain,1995,237286.8
Solid fossil fuels,Spain,1996,194194.8
Solid fossil fuels,Spain,1997,225608.4
Solid fossil fuels,Spain,1998,221706.0
Solid fossil fuels,Spain,1999,264992.4
Solid fossil fuels,Spain,2000,284738.4
Solid fossil fuels,Spain,2001,252972.0
Solid fossil fuels,Spain,2002,292255.2
Solid fossil fuels,Spain,2003,268999.2
Solid fossil fuels,Spain,2004,284781.6
Solid fossil fuels,Spain,2005,284590.8
Solid fossil fuels,Spain,2006,240260.4
Solid fossil fuels,Spain,2007,262062.0
Solid fossil fuels,Spain,2008,175370.4
Solid fossil fuels,Spain,2009,129276.0
Solid fossil fuels,Spain,2010,91202.4
Solid fossil fuels,Spain,2011,158328.0
Solid fossil fuels,Spain,2012,198266.4
Solid fossil fuels,Spain,2013,143787.6
Solid fossil fuels,Spain,2014,157705.2
Solid fossil fuels,Spain,2015,184917.6
Solid fossil fuels,Spain,2016,131162.4
Solid fossil fuels,Spain,2017,162457.2
Solid fossil fuels,Spain,2018,134427.6
Solid fossil fuels,Spain,2019,46292.4
Solid fossil fuels,Spain,2020,19879.2
Solid fossil fuels,France,1990,113302.8
Solid fossil fuels,France,1991,142596.0
Solid fossil fuels,France,1992,123242.4
Solid fossil fuels,France,1993,75423.6
Solid fossil fuels,France,1994,75214.8
Solid fossil fuels,France,1995,87044.4
Solid fossil fuels,France,1996,100936.8
Solid fossil fuels,France,1997,79840.8
Solid fossil fuels,France,1998,120715.2
Solid fossil fuels,France,1999,105404.4
Solid fossil fuels,France,2000,97214.4
Solid fossil fuels,France,2001,73720.8
Solid fossil fuels,France,2002,85168.8
Solid fossil fuels,France,2003,94536.0
Solid fossil fuels,France,2004,87739.2
Solid fossil fuels,France,2005,99054.0
Solid fossil fuels,France,2006,82400.4
Solid fossil fuels,France,2007,88005.6
Solid fossil fuels,France,2008,83026.8
Solid fossil fuels,France,2009,78001.2
Solid fossil fuels,France,2010,84092.4
Solid fossil fuels,France,2011,62620.139
Solid fossil fuels,France,2012,77243.306
Solid fossil fuels,France,2013,85836.121
Solid fossil fuels,France,2014,40525.751
Solid fossil fuels,France,2015,42820.02
Solid fossil fuels,France,2016,36812.664
Solid fossil fuels,France,2017,46128.352
Solid fossil fuels,France,2018,29914.186
Solid fossil fuels,France,2019,13094.298
Solid fossil fuels,France,2020,11110.882
Solid fossil fuels,Italy,1990,115369.2
Solid fossil fuels,Italy,1991,102625.2
Solid fossil fuels,Italy,1992,76874.4
Solid fossil fuels,Italy,1993,59972.4
Solid fossil fuels,Italy,1994,71481.6
Solid fossil fuels,Italy,1995,86839.2
Solid fossil fuels,Italy,1996,79488.0
Solid fossil fuels,Italy,1997,73864.8
Solid fossil fuels,Italy,1998,83919.6
Solid fossil fuels,Italy,1999,85723.2
Solid fossil fuels,Italy,2000,94579.2
Solid fossil fuels,Italy,2001,114228.0
Solid fossil fuels,Italy,2002,127609.2
Solid fossil fuels,Italy,2003,139726.8
Solid fossil fuels,Italy,2004,163864.8
Solid fossil fuels,Italy,2005,156981.6
Solid fossil fuels,Italy,2006,159148.8
Solid fossil fuels,Italy,2007,158803.2
Solid fossil fuels,Italy,2008,155062.8
Solid fossil fuels,Italy,2009,143082.0
Solid fossil fuels,Italy,2010,143042.4
Solid fossil fuels,Italy,2011,161013.6
Solid fossil fuels,Italy,2012,176907.6
Solid fossil fuels,Italy,2013,162378.0
Solid fossil fuels,Italy,2014,156434.4
Solid fossil fuels,Italy,2015,155523.6
Solid fossil fuels,Italy,2016,128185.2
Solid fossil fuels,Italy,2017,117458.734
Solid fossil fuels,Italy,2018,102491.525
Solid fossil fuels,Italy,2019,67822.016
Solid fossil fuels,Italy,2020,48166.15
Solid fossil fuels,Netherlands,1990,90050.4
Solid fossil fuels,Netherlands,1991,81590.4
Solid fossil fuels,Netherlands,1992,81464.4
Solid fossil fuels,Netherlands,1993,77061.6
Solid fossil fuels,Netherlands,1994,86785.2
Solid fossil fuels,Netherlands,1995,98636.4
Solid fossil fuels,Netherlands,1996,92941.2
Solid fossil fuels,Netherlands,1997,87976.8
Solid fossil fuels,Netherlands,1998,95158.8
Solid fossil fuels,Netherlands,1999,78926.4
Solid fossil fuels,Netherlands,2000,87393.6
Solid fossil fuels,Netherlands,2001,91731.6
Solid fossil fuels,Netherlands,2002,93571.2
Solid fossil fuels,Netherlands,2003,95655.6
Solid fossil fuels,Netherlands,2004,89809.2
Solid fossil fuels,Netherlands,2005,84600.0
Solid fossil fuels,Netherlands,2006,85453.2
Solid fossil fuels,Netherlands,2007,89701.2
Solid fossil fuels,Netherlands,2008,84538.8
Solid fossil fuels,Netherlands,2009,87400.8
Solid fossil fuels,Netherlands,2010,81316.8
Solid fossil fuels,Netherlands,2011,77004.0
Solid fossil fuels,Netherlands,2012,87163.2
Solid fossil fuels,Netherlands,2013,88610.4
Solid fossil fuels,Netherlands,2014,106146.0
Solid fossil fuels,Netherlands,2015,141805.886
Solid fossil fuels,Netherlands,2016,132221.56
Solid fossil fuels,Netherlands,2017,112606.222
Solid fossil fuels,Netherlands,2018,98891.147
Solid fossil fuels,Netherlands,2019,63773.885
Solid fossil fuels,Netherlands,2020,27379.523
Solid fossil fuels,Poland,1990,469299.6
Solid fossil fuels,Poland,1991,463500.0
Solid fossil fuels,Poland,1992,455691.6
Solid fossil fuels,Poland,1993,459622.8
Solid fossil fuels,Poland,1994,462218.4
Solid fossil fuels,Poland,1995,474354.0
Solid fossil fuels,Poland,1996,487731.6
Solid fossil fuels,Poland,1997,485067.6
Solid fossil fuels,Poland,1998,483224.4
Solid fossil fuels,Poland,1999,479973.6
Solid fossil fuels,Poland,2000,489196.8
Solid fossil fuels,Poland,2001,485892.0
Solid fossil fuels,Poland,2002,478634.4
Solid fossil fuels,Poland,2003,506368.8
Solid fossil fuels,Poland,2004,508035.6
Solid fossil fuels,Poland,2005,510771.6
Solid fossil fuels,Poland,2006,529228.8
Solid fossil fuels,Poland,2007,518432.4
Solid fossil fuels,Poland,2008,500022.0
Solid fossil fuels,Poland,2009,480200.4
Solid fossil fuels,Poland,2010,491450.4
Solid fossil fuels,Poland,2011,503128.8
Solid fossil fuels,Poland,2012,484462.8
Solid fossil fuels,Poland,2013,495784.8
Solid fossil fuels,Poland,2014,466272.0
Solid fossil fuels,Poland,2015,469868.4
Solid fossil fuels,Poland,2016,469159.2
Solid fossil fuels,Poland,2017,472170.697
Solid fossil fuels,Poland,2018,470026.62
Solid fossil fuels,Poland,2019,425316.758
Solid fossil fuels,Poland,2020,386631.857
Natural gas,Germany,1990,145656.0
Natural gas,Germany,1991,129985.2
Natural gas,Germany,1992,118400.4
Natural gas,Germany,1993,124466.4
Natural gas,Germany,1994,144903.6
Natural gas,Germany,1995,155448.0
Natural gas,Germany,1996,172864.8
Natural gas,Germany,1997,179020.8
Natural gas,Germany,1998,193788.0
Natural gas,Germany,1999,198226.8
Natural gas,Germany,2000,188982.0
Natural gas,Germany,2001,210348.0
Natural gas,Germany,2002,196239.6
Natural gas,Germany,2003,230407.2
Natural gas,Germany,2004,231019.2
Natural gas,Germany,2005,266256.0
Natural gas,Germany,2006,276332.4
Natural gas,Germany,2007,286534.8
Natural gas,Germany,2008,325018.8
Natural gas,Germany,2009,295624.8
Natural gas,Germany,2010,325267.2
Natural gas,Germany,2011,314024.4
Natural gas,Germany,2012,279370.8
Natural gas,Germany,2013,247453.2
Natural gas,Germany,2014,224175.6
Natural gas,Germany,2015,226861.2
Natural gas,Germany,2016,296258.4
Natural gas,Germany,2017,315666.0
Natural gas,Germany,2018,300330.0
Natural gas,Germany,2019,326710.8
Natural gas,Germany,2020,342727.2
Natural gas,Spain,1990,5432.4
Natural gas,Spain,1991,4899.6
Natural gas,Spain,1992,6159.6
Natural gas,Spain,1993,4305.6
Natural gas,Spain,1994,11624.4
Natural gas,Spain,1995,13500.0
Natural gas,Spain,1996,24361.2
Natural gas,Spain,1997,65426.4
Natural gas,Spain,1998,58363.2
Natural gas,Spain,1999,68608.8
Natural gas,Spain,2000,72640.8
Natural gas,Spain,2001,84088.8
Natural gas,Spain,2002,116589.6
Natural gas,Spain,2003,141724.8
Natural gas,Spain,2004,199656.0
Natural gas,Spain,2005,284439.6
Natural gas,Spain,2006,326052.0
Natural gas,Spain,2007,341276.4
Natural gas,Spain,2008,434872.8
Natural gas,Spain,2009,387885.6
Natural gas,Spain,2010,341463.6
Natural gas,Spain,2011,307828.8
Natural gas,Spain,2012,263908.8
Natural gas,Spain,2013,207129.6
Natural gas,Spain,2014,170182.8
Natural gas,Spain,2015,188992.8
Natural gas,Spain,2016,190152.0
Natural gas,Spain,2017,230533.2
Natural gas,Spain,2018,208814.4
Natural gas,Spain,2019,301330.8
Natural gas,Spain,2020,251060.4
Natural gas,France,1990,10897.2
Natural gas,France,1991,10994.4
Natural gas,France,1992,11466.0
Natural gas,France,1993,12585.6
Natural gas,France,1994,13050.0
Natural gas,France,1995,13824.0
Natural gas,France,1996,14839.2
Natural gas,France,1997,17640.0
Natural gas,France,1998,17910.0
Natural gas,France,1999,27723.6
Natural gas,France,2000,41450.4
Natural gas,France,2001,54525.6
Natural gas,France,2002,66128.4
Natural gas,France,2003,69724.8
Natural gas,France,2004,75776.4
Natural gas,France,2005,83048.4
Natural gas,France,2006,78336.0
Natural gas,France,2007,79153.2
Natural gas,France,2008,78782.4
Natural gas,France,2009,73810.8
Natural gas,France,2010,85528.8
Natural gas,France,2011,106160.918
Natural gas,France,2012,81911.714
Natural gas,France,2013,66215.768
Natural gas,France,2014,47386.354
Natural gas,France,2015,76115.351
Natural gas,France,2016,125881.51
Natural gas,France,2017,145801.318
Natural gas,France,2018,110201.533
Natural gas,France,2019,141528.92
Natural gas,France,2020,127139.476
Natural gas,Italy,1990,142952.4
Natural gas,Italy,1991,130831.2
Natural gas,Italy,1992,127713.6
Natural gas,Italy,1993,143866.8
Natural gas,Italy,1994,146894.4
Natural gas,Italy,1995,169192.8
Natural gas,Italy,1996,180687.6
Natural gas,Italy,1997,220654.8
Natural gas,Italy,1998,255178.8
Natural gas,Italy,1999,313138.8
Natural gas,Italy,2000,364896.0
Natural gas,Italy,2001,375076.8
Natural gas,Italy,2002,357890.4
Natural gas,Italy,2003,422280.0
Natural gas,Italy,2004,467179.2
Natural gas,Italy,2005,537343.2
Natural gas,Italy,2006,569084.4
Natural gas,Italy,2007,621525.6
Natural gas,Italy,2008,621716.4
Natural gas,Italy,2009,530168.4
Natural gas,Italy,2010,549856.8
Natural gas,Italy,2011,520372.8
Natural gas,Italy,2012,464608.8
Natural gas,Italy,2013,391950.0
Natural gas,Italy,2014,337093.2
Natural gas,Italy,2015,399096.0
Natural gas,Italy,2016,454132.8
Natural gas,Italy,2017,505257.422
Natural gas,Italy,2018,462735.191
Natural gas,Italy,2019,510073.211
Natural gas,Italy,2020,481258.022
Natural gas,Netherlands,1990,131504.4
Natural gas,Netherlands,1991,147654.0
Natural gas,Netherlands,1992,156463.2
Natural gas,Netherlands,1993,158835.6
Natural gas,Netherlands,1994,156747.6
Natural gas,Netherlands,1995,151239.6
Natural gas,Netherlands,1996,169470.0
Natural gas,Netherlands,1997,182379.6
Natural gas,Netherlands,1998,183834.0
Natural gas,Netherlands,1999,184158.0
Natural gas,Netherlands,2000,185479.2
Natural gas,Netherlands,2001,193575.6
Natural gas,Netherlands,2002,199008.0
Natural gas,Netherlands,2003,198072.0
Natural gas,Netherlands,2004,215953.2
Natural gas,Netherlands,2005,207356.4
Natural gas,Netherlands,2006,205711.2
Natural gas,Netherlands,2007,219636.0
Natural gas,Netherlands,2008,228092.4
Natural gas,Netherlands,2009,247939.2
Natural gas,Netherlands,2010,271198.8
Natural gas,Netherlands,2011,250110.0
Natural gas,Netherlands,2012,203631.556
Natural gas,Netherlands,2013,201852.076
Natural gas,Netherlands,2014,185479.2
Natural gas,Netherlands,2015,165070.062
Natural gas,Netherlands,2016,189539.942
Natural gas,Netherlands,2017,208467.389
Natural gas,Netherlands,2018,207550.22
Natural gas,Netherlands,2019,254719.051
Natural gas,Netherlands,2020,261583.121
Natural gas,Poland,1990,450.0
Natural gas,Poland,1991,385.2
Natural gas,Poland,1992,360.0
Natural gas,Poland,1993,349.2
Natural gas,Poland,1994,529.2
Natural gas,Poland,1995,928.8
Natural gas,Poland,1996,1162.8
Natural gas,Poland,1997,774.0
Natural gas,Poland,1998,1126.8
Natural gas,Poland,1999,2232.0
Natural gas,Poland,2000,3340.8
Natural gas,Poland,2001,4888.8
Natural gas,Poland,2002,7912.8
Natural gas,Poland,2003,8730.0
Natural gas,Poland,2004,11610.0
Natural gas,Poland,2005,18594.0
Natural gas,Poland,2006,16488.0
Natural gas,Poland,2007,16138.8
Natural gas,Poland,2008,16844.4
Natural gas,Poland,2009,17233.2
Natural gas,Poland,2010,17272.8
Natural gas,Poland,2011,20955.6
Natural gas,Poland,2012,22536.0
Natural gas,Poland,2013,18972.0
Natural gas,Poland,2014,19180.8
Natural gas,Poland,2015,22993.2
Natural gas,Poland,2016,28191.6
Natural gas,Poland,2017,36125.503
Natural gas,Poland,2018,45483.592
Natural gas,Poland,2019,53270.622
Natural gas,Poland,2020,62235.166
Nuclear heat,Germany,1990,548884.8
Nuclear heat,Germany,1991,530024.4
Nuclear heat,Germany,1992,571694.4
Nuclear heat,Germany,1993,551793.6
Nuclear heat,Germany,1994,542530.8
Nuclear heat,Germany,1995,551127.6
Nuclear heat,Germany,1996,576057.6
Nuclear heat,Germany,1997,613180.8
Nuclear heat,Germany,1998,581918.4
Nuclear heat,Germany,1999,612014.4
Nuclear heat,Germany,2000,610581.6
Nuclear heat,Germany,2001,616698.0
Nuclear heat,Germany,2002,593431.2
Nuclear heat,Germany,2003,594216.0
Nuclear heat,Germany,2004,601434.0
Nuclear heat,Germany,2005,586998.0
Nuclear heat,Germany,2006,602168.4
Nuclear heat,Germany,2007,505922.4
Nuclear heat,Germany,2008,534582.0
Nuclear heat,Germany,2009,485755.2
Nuclear heat,Germany,2010,506001.6
Nuclear heat,Germany,2011,388695.6
Nuclear heat,Germany,2012,358056.0
Nuclear heat,Germany,2013,350244.0
Nuclear heat,Germany,2014,349664.4
Nuclear heat,Germany,2015,330429.6
Nuclear heat,Germany,2016,304682.4
Nuclear heat,Germany,2017,274766.4
Nuclear heat,Germany,2018,273618.0
Nuclear heat,Germany,2019,270255.6
Nuclear heat,Germany,2020,231775.2
Nuclear heat,Spain,1990,195364.8
Nuclear heat,Spain,1991,200080.8
Nuclear heat,Spain,1992,200815.2
Nuclear heat,Spain,1993,201816.0
Nuclear heat,Spain,1994,199126.8
Nuclear heat,Spain,1995,199638.0
Nuclear heat,Spain,1996,202788.0
Nuclear heat,Spain,1997,199072.8
Nuclear heat,Spain,1998,212374.8
Nuclear heat,Spain,1999,211867.2
Nuclear heat,Spain,2000,223941.6
Nuclear heat,Spain,2001,229348.8
Nuclear heat,Spain,2002,226857.6
Nuclear heat,Spain,2003,222750.0
Nuclear heat,Spain,2004,228981.6
Nuclear heat,Spain,2005,207140.4
Nuclear heat,Spain,2006,216453.6
Nuclear heat,Spain,2007,198370.8
Nuclear heat,Spain,2008,212302.8
Nuclear heat,Spain,2009,189939.6
Nuclear heat,Spain,2010,223164.0
Nuclear heat,Spain,2011,207784.8
Nuclear heat,Spain,2012,221292.0
Nuclear heat,Spain,2013,204213.6
Nuclear heat,Spain,2014,206298.0
Nuclear heat,Spain,2015,205905.6
Nuclear heat,Spain,2016,211078.8
Nuclear heat,Spain,2017,208940.4
Nuclear heat,Spain,2018,200757.6
Nuclear heat,Spain,2019,210056.4
Nuclear heat,Spain,2020,209876.4
Nuclear heat,France,1990,1130691.6
Nuclear heat,France,1991,1192824.0
Nuclear heat,France,1992,1218402.0
Nuclear heat,France,1993,1325476.8
Nuclear heat,France,1994,1295931.6
Nuclear heat,France,1995,1358031.6
Nuclear heat,France,1996,1430424.0
Nuclear heat,France,1997,1423738.8
Nuclear heat,France,1998,1396764.0
Nuclear heat,France,1999,1419278.4
Nuclear heat,France,2000,1494583.2
Nuclear heat,France,2001,1515873.6
Nuclear heat,France,2002,1572336.0
Nuclear heat,France,2003,1587852.0
Nuclear heat,France,2004,1613667.6
Nuclear heat,France,2005,1625504.4
Nuclear heat,France,2006,1620687.6
Nuclear heat,France,2007,1583028.0
Nuclear heat,France,2008,1582009.2
Nuclear heat,France,2009,1475049.6
Nuclear heat,France,2010,1542675.6
Nuclear heat,France,2011,1592595.947
Nuclear heat,France,2012,1531461.661
Nuclear heat,France,2013,1525264.816
Nuclear heat,France,2014,1571324.432
Nuclear heat,France,2015,1574740.109
Nuclear heat,France,2016,1451503.735
Nuclear heat,France,2017,1434092.864
Nuclear heat,France,2018,1486590.523
Nuclear heat,France,2019,1436441.713
Nuclear heat,France,2020,1273798.321
Nuclear heat,Netherlands,1990,12607.2
Nuclear heat,Netherlands,1991,11984.4
Nuclear heat,Netherlands,1992,13680.0
Nuclear heat,Netherlands,1993,14212.8
Nuclear heat,Netherlands,1994,14281.2
Nuclear heat,Netherlands,1995,14464.8
Nuclear heat,Netherlands,1996,14976.0
Nuclear heat,Netherlands,1997,8668.8
Nuclear heat,Netherlands,1998,13730.4
Nuclear heat,Netherlands,1999,13795.2
Nuclear heat,Netherlands,2000,14133.6
Nuclear heat,Netherlands,2001,14313.6
Nuclear heat,Netherlands,2002,14094.0
Nuclear heat,Netherlands,2003,14464.8
Nuclear heat,Netherlands,2004,13759.2
Nuclear heat,Netherlands,2005,14389.2
Nuclear heat,Netherlands,2006,12488.4
Nuclear heat,Netherlands,2007,15120.0
Nuclear heat,Netherlands,2008,15008.4
Nuclear heat,Netherlands,2009,15292.8
Nuclear heat,Netherlands,2010,14288.4
Nuclear heat,Netherlands,2011,14907.6
Nuclear heat,Netherlands,2012,14094.0
Nuclear heat,Netherlands,2013,10407.6
Nuclear heat,Netherlands,2014,14727.6
Nuclear heat,Netherlands,2015,14680.948
Nuclear heat,Netherlands,2016,14257.001
Nuclear heat,Netherlands,2017,12248.921
Nuclear heat,Netherlands,2018,12653.172
Nuclear heat,Netherlands,2019,14075.093
Nuclear heat,Netherlands,2020,14714.507
Oil and petroleum,Germany,1990,37429.2
Oil and petroleum,Germany,1991,53064.0
Oil and petroleum,Germany,1992,47581.2
Oil and petroleum,Germany,1993,36327.6
Oil and petroleum,Germany,1994,31586.4
Oil and petroleum,Germany,1995,32338.8
Oil and petroleum,Germany,1996,28677.6
Oil and petroleum,Germany,1997,24717.6
Oil and petroleum,Germany,1998,22953.6
Oil and petroleum,Germany,1999,21042.0
Oil and petroleum,Germany,2000,17226.0
Oil and petroleum,Germany,2001,17128.8
Oil and petroleum,Germany,2002,15559.2
Oil and petroleum,Germany,2003,36399.6
Oil and petroleum,Germany,2004,38102.4
Oil and petroleum,Germany,2005,43192.8
Oil and petroleum,Germany,2006,39438.0
Oil and petroleum,Germany,2007,36025.2
Oil and petroleum,Germany,2008,34844.4
Oil and petroleum,Germany,2009,36248.4
Oil and petroleum,Germany,2010,31467.6
Oil and petroleum,Germany,2011,25786.8
Oil and petroleum,Germany,2012,27457.2
Oil and petroleum,Germany,2013,25912.8
Oil and petroleum,Germany,2014,20365.2
Oil and petroleum,Germany,2015,22352.4
Oil and petroleum,Germany,2016,21045.6
Oil and petroleum,Germany,2017,20055.6
Oil and petroleum,Germany,2018,18669.6
Oil and petroleum,Germany,2019,17193.6
Oil and petroleum,Germany,2020,17593.2
Oil and petroleum,Spain,1990,30974.4
Oil and petroleum,Spain,1991,36561.6
Oil and petroleum,Spain,1992,51584.4
Oil and petroleum,Spain,1993,34358.4
Oil and petroleum,Spain,1994,37832.4
Oil and petroleum,Spain,1995,52642.8
Oil and petroleum,Spain,1996,50112.0
Oil and petroleum,Spain,1997,50770.8
Oil and petroleum,Spain,1998,62996.4
Oil and petroleum,Spain,1999,88002.0
Oil and petroleum,Spain,2000,81280.8
Oil and petroleum,Spain,2001,88675.2
Oil and petroleum,Spain,2002,102934.8
Oil and petroleum,Spain,2003,86407.2
Oil and petroleum,Spain,2004,85820.4
Oil and petroleum,Spain,2005,87912.0
Oil and petroleum,Spain,2006,85784.4
Oil and petroleum,Spain,2007,66628.8
Oil and petroleum,Spain,2008,64807.2
Oil and petroleum,Spain,2009,69271.2
Oil and petroleum,Spain,2010,59623.2
Oil and petroleum,Spain,2011,52891.2
Oil and petroleum,Spain,2012,55155.6
Oil and petroleum,Spain,2013,49546.8
Oil and petroleum,Spain,2014,50835.6
Oil and petroleum,Spain,2015,62067.6
Oil and petroleum,Spain,2016,60915.6
Oil and petroleum,Spain,2017,56757.6
Oil and petroleum,Spain,2018,52192.8
Oil and petroleum,Spain,2019,46378.8
Oil and petroleum,Spain,2020,38534.4
Oil and petroleum,France,1990,31204.8
Oil and petroleum,France,1991,50702.4
Oil and petroleum,France,1992,33548.4
Oil and petroleum,France,1993,21927.6
Oil and petroleum,France,1994,20221.2
Oil and petroleum,France,1995,27896.4
Oil and petroleum,France,1996,28044.0
Oil and petroleum,France,1997,27817.2
Oil and petroleum,France,1998,41943.6
Oil and petroleum,France,1999,35827.2
Oil and petroleum,France,2000,25794.0
Oil and petroleum,France,2001,21448.8
Oil and petroleum,France,2002,20761.2
Oil and petroleum,France,2003,25545.6
Oil and petroleum,France,2004,23500.8
Oil and petroleum,France,2005,28530.0
Oil and petroleum,France,2006,25678.8
Oil and petroleum,France,2007,22186.8
Oil and petroleum,France,2008,19235.203
Oil and petroleum,France,2009,16963.909
Oil and petroleum,France,2010,19876.007
Oil and petroleum,France,2011,26805.582
Oil and petroleum,France,2012,26226.403
Oil and petroleum,France,2013,23004.695
Oil and petroleum,France,2014,23127.89
Oil and petroleum,France,2015,24025.234
Oil and petroleum,France,2016,24680.563
Oil and petroleum,France,2017,25124.623
Oil and petroleum,France,2018,20584.462
Oil and petroleum,France,2019,21292.096
Oil and petroleum,France,2020,20192.054
Oil and petroleum,Italy,1990,369788.4
Oil and petroleum,Italy,1991,375433.2
Oil and petroleum,Italy,1992,417672.0
Oil and petroleum,Italy,1993,410108.4
Oil and petroleum,Italy,1994,418723.2
Oil and petroleum,Italy,1995,434880.0
Oil and petroleum,Italy,1996,421516.8
Oil and petroleum,Italy,1997,407923.2
Oil and petroleum,Italy,1998,386298.0
Oil and petroleum,Italy,1999,328964.4
Oil and petroleum,Italy,2000,309160.8
Oil and petroleum,Italy,2001,270028.8
Oil and petroleum,Italy,2002,315950.4
Oil and petroleum,Italy,2003,273553.2
Oil and petroleum,Italy,2004,212007.6
Oil and petroleum,Italy,2005,169646.4
Oil and petroleum,Italy,2006,165150.0
Oil and petroleum,Italy,2007,127472.4
Oil and petroleum,Italy,2008,113252.4
Oil and petroleum,Italy,2009,93672.0
Oil and petroleum,Italy,2010,78170.4
Oil and petroleum,Italy,2011,71586.0
Oil and petroleum,Italy,2012,68004.0
Oil and petroleum,Italy,2013,55735.2
Oil and petroleum,Italy,2014,50986.8
Oil and petroleum,Italy,2015,48182.4
Oil and petroleum,Italy,2016,43671.6
Oil and petroleum,Italy,2017,41496.098
Oil and petroleum,Italy,2018,39704.868
Oil and petroleum,Italy,2019,36551.214
Oil and petroleum,Italy,2020,36155.736
Oil and petroleum,Netherlands,1990,11030.4
Oil and petroleum,Netherlands,1991,11894.4
Oil and petroleum,Netherlands,1992,11358.0
Oil and petroleum,Netherlands,1993,10893.6
Oil and petroleum,Netherlands,1994,11991.6
Oil and petroleum,Netherlands,1995,10130.4
Oil and petroleum,Netherlands,1996,10166.4
Oil and petroleum,Netherlands,1997,10162.8
Oil and petroleum,Netherlands,1998,10846.8
Oil and petroleum,Netherlands,1999,10011.6
Oil and petroleum,Netherlands,2000,9507.6
Oil and petroleum,Netherlands,2001,9525.6
Oil and petroleum,Netherlands,2002,8506.8
Oil and petroleum,Netherlands,2003,8974.8
Oil and petroleum,Netherlands,2004,8751.6
Oil and petroleum,Netherlands,2005,8143.2
Oil and petroleum,Netherlands,2006,7542.0
Oil and petroleum,Netherlands,2007,7988.4
Oil and petroleum,Netherlands,2008,7434.0
Oil and petroleum,Netherlands,2009,5353.2
Oil and petroleum,Netherlands,2010,4510.8
Oil and petroleum,Netherlands,2011,5061.6
Oil and petroleum,Netherlands,2012,3812.4
Oil and petroleum,Netherlands,2013,4330.8
Oil and petroleum,Netherlands,2014,6861.6
Oil and petroleum,Netherlands,2015,4729.151
Oil and petroleum,Netherlands,2016,4565.423
Oil and petroleum,Netherlands,2017,4244.832
Oil and petroleum,Netherlands,2018,4650.145
Oil and petroleum,Netherlands,2019,5125.378
Oil and petroleum,Netherlands,2020,4824.482
Oil and petroleum,Poland,1990,5652.0
Oil and petroleum,Poland,1991,5500.8
Oil and petroleum,Poland,1992,5245.2
Oil and petroleum,Poland,1993,5659.2
Oil and petroleum,Poland,1994,6069.6
Oil and petroleum,Poland,1995,5482.8
Oil and petroleum,Poland,1996,6379.2
Oil and petroleum,Poland,1997,6843.6
Oil and petroleum,Poland,1998,6847.2
Oil and petroleum,Poland,1999,6807.6
Oil and petroleum,Poland,2000,6897.6
Oil and petroleum,Poland,2001,8632.8
Oil and petroleum,Poland,2002,8553.6
Oil and petroleum,Poland,2003,8841.6
Oil and petroleum,Poland,2004,10490.4
Oil and petroleum,Poland,2005,9925.2
Oil and petroleum,Poland,2006,10468.8
Oil and petroleum,Poland,2007,10058.4
Oil and petroleum,Poland,2008,9813.6
Oil and petroleum,Poland,2009,9802.8
Oil and petroleum,Poland,2010,10411.2
Oil and petroleum,Poland,2011,8830.8
Oil and petroleum,Poland,2012,7362.0
Oil and petroleum,Poland,2013,6415.2
Oil and petroleum,Poland,2014,5738.4
Oil and petroleum,Poland,2015,7624.8
Oil and petroleum,Poland,2016,8287.2
Oil and petroleum,Poland,2017,7274.034
Oil and petroleum,Poland,2018,6480.619
Oil and petroleum,Poland,2019,6368.454
Oil and petroleum,Poland,2020,6299.953
Renewables and biofuels,Germany,1990,77248.8
Renewables and biofuels,Germany,1991,74833.2
Renewables and biofuels,Germany,1992,84718.8
Renewables and biofuels,Germany,1993,87512.4
Renewables and biofuels,Germany,1994,98596.8
Renewables and biofuels,Germany,1995,109447.2
Renewables and biofuels,Germany,1996,112435.2
Renewables and biofuels,Germany,1997,95778.0
Renewables and biofuels,Germany,1998,104112.0
Renewables and biofuels,Germany,1999,116899.2
Renewables and biofuels,Germany,2000,142938.0
Renewables and biofuels,Germany,2001,152694.0
Renewables and biofuels,Germany,2002,177181.2
Renewables and biofuels,Germany,2003,184485.6
Renewables and biofuels,Germany,2004,229215.6
Renewables and biofuels,Germany,2005,252651.6
Renewables and biofuels,Germany,2006,285375.6
Renewables and biofuels,Germany,2007,346618.8
Renewables and biofuels,Germany,2008,361112.4
Renewables and biofuels,Germany,2009,365720.4
Renewables and biofuels,Germany,2010,401688.0
Renewables and biofuels,Germany,2011,467560.8
Renewables and biofuels,Germany,2012,536893.2
Renewables and biofuels,Germany,2013,569242.8
Renewables and biofuels,Germany,2014,606178.8
Renewables and biofuels,Germany,2015,700941.6
Renewables and biofuels,Germany,2016,702936.0
Renewables and biofuels,Germany,2017,800380.8
Renewables and biofuels,Germany,2018,821682.0
Renewables and biofuels,Germany,2019,886579.2
Renewables and biofuels,Germany,2020,924148.8
Renewables and biofuels,Spain,1990,96296.4
Renewables and biofuels,Spain,1991,103899.6
Renewables and biofuels,Spain,1992,77846.4
Renewables and biofuels,Spain,1993,95353.2
Renewables and biofuels,Spain,1994,108039.6
Renewables and biofuels,Spain,1995,93132.0
Renewables and biofuels,Spain,1996,152420.4
Renewables and biofuels,Spain,1997,137613.6
Renewables and biofuels,Spain,1998,139359.6
Renewables and biofuels,Spain,1999,107366.4
Renewables and biofuels,Spain,2000,136947.6
Renewables and biofuels,Spain,2001,188175.6
Renewables and biofuels,Spain,2002,137577.6
Renewables and biofuels,Spain,2003,213033.6
Renewables and biofuels,Spain,2004,192572.568
Renewables and biofuels,Spain,2005,168846.516
Renewables and biofuels,Spain,2006,201697.085
Renewables and biofuels,Spain,2007,221411.549
Renewables and biofuels,Spain,2008,233723.329
Renewables and biofuels,Spain,2009,276591.6
Renewables and biofuels,Spain,2010,363539.52
Renewables and biofuels,Spain,2011,323413.2
Renewables and biofuels,Spain,2012,326083.046
Renewables and biofuels,Spain,2013,416131.632
Renewables and biofuels,Spain,2014,410649.415
Renewables and biofuels,Spain,2015,361139.234
Renewables and biofuels,Spain,2016,389166.361
Renewables and biofuels,Spain,2017,326419.2
Renewables and biofuels,Spain,2018,382874.4
Renewables and biofuels,Spain,2019,371577.6
Renewables and biofuels,Spain,2020,422186.4
Renewables and biofuels,France,1990,213592.579
Renewables and biofuels,France,1991,229130.964
Renewables and biofuels,France,1992,268987.666
Renewables and biofuels,France,1993,251729.485
Renewables and biofuels,France,1994,299632.723
Renewables and biofuels,France,1995,282697.024
Renewables and biofuels,France,1996,261766.134
Renewables and biofuels,France,1997,252887.641
Renewables and biofuels,France,1998,247599.601
Renewables and biofuels,France,1999,287910.817
Renewables and biofuels,France,2000,267022.58
Renewables and biofuels,France,2001,295137.94
Renewables and biofuels,France,2002,250706.66
Renewables and biofuels,France,2003,246209.49
Renewables and biofuels,France,2004,249423.872
Renewables and biofuels,France,2005,220236.635
Renewables and biofuels,France,2006,243999.522
Renewables and biofuels,France,2007,257628.208
Renewables and biofuels,France,2008,282742.855
Renewables and biofuels,France,2009,268667.777
Renewables and biofuels,France,2010,298828.814
Renewables and biofuels,France,2011,256246.762
Renewables and biofuels,France,2012,324650.657
Renewables and biofuels,France,2013,376488.317
Renewables and biofuels,France,2014,359409.28
Renewables and biofuels,France,2015,348454.058
Renewables and biofuels,France,2016,373848.156
Renewables and biofuels,France,2017,351960.282
Renewables and biofuels,France,2018,428208.948
Renewables and biofuels,France,2019,424220.317
Renewables and biofuels,France,2020,465057.965
Renewables and biofuels,Italy,1990,138088.8
Renewables and biofuels,Italy,1991,176061.6
Renewables and biofuels,Italy,1992,177670.8
Renewables and biofuels,Italy,1993,173808.0
Renewables and biofuels,Italy,1994,184726.8
Renewables and biofuels,Italy,1995,164098.8
Renewables and biofuels,Italy,1996,184528.8
Renewables and biofuels,Italy,1997,184158.0
Renewables and biofuels,Italy,1998,189435.6
Renewables and biofuels,Italy,1999,207817.2
Renewables and biofuels,Italy,2000,207285.671
Renewables and biofuels,Italy,2001,221266.386
Renewables and biofuels,Italy,2002,201809.398
Renewables and biofuels,Italy,2003,196100.777
Renewables and biofuels,Italy,2004,221189.998
Renewables and biofuels,Italy,2005,199080.4
Renewables and biofuels,Italy,2006,205433.626
Renewables and biofuels,Italy,2007,192171.539
Renewables and biofuels,Italy,2008,229562.773
Renewables and biofuels,Italy,2009,264818.012
Renewables and biofuels,Italy,2010,288915.35
Renewables and biofuels,Italy,2011,305624.336
Renewables and biofuels,Italy,2012,339125.335
Renewables and biofuels,Italy,2013,410063.526
Renewables and biofuels,Italy,2014,440603.158
Renewables and biofuels,Italy,2015,397210.385
Renewables and biofuels,Italy,2016,395449.402
Renewables and biofuels,Italy,2017,380605.018
Renewables and biofuels,Italy,2018,418071.604
Renewables and biofuels,Italy,2019,423654.066
Renewables and biofuels,Italy,2020,427889.552
Renewables and biofuels,Netherlands,1990,2903.432
Renewables and biofuels,Netherlands,1991,3367.404
Renewables and biofuels,Netherlands,1992,3582.05
Renewables and biofuels,Netherlands,1993,3985.376
Renewables and biofuels,Netherlands,1994,4527.752
Renewables and biofuels,Netherlands,1995,5056.582
Renewables and biofuels,Netherlands,1996,6537.449
Renewables and biofuels,Netherlands,1997,7255.379
Renewables and biofuels,Netherlands,1998,8379.598
Renewables and biofuels,Netherlands,1999,9026.582
Renewables and biofuels,Netherlands,2000,10695.636
Renewables and biofuels,Netherlands,2001,11887.902
Renewables and biofuels,Netherlands,2002,14311.429
Renewables and biofuels,Netherlands,2003,14262.656
Renewables and biofuels,Netherlands,2004,19104.26
Renewables and biofuels,Netherlands,2005,26808.966
Renewables and biofuels,Netherlands,2006,28979.845
Renewables and biofuels,Netherlands,2007,27297.824
Renewables and biofuels,Netherlands,2008,34310.794
Renewables and biofuels,Netherlands,2009,39006.058
Renewables and biofuels,Netherlands,2010,40308.016
Renewables and biofuels,Netherlands,2011,44352.655
Renewables and biofuels,Netherlands,2012,44930.722
Renewables and biofuels,Netherlands,2013,43581.002
Renewables and biofuels,Netherlands,2014,41931.004
Renewables and biofuels,Netherlands,2015,49218.34
Renewables and biofuels,Netherlands,2016,53200.476
Renewables and biofuels,Netherlands,2017,62777.052
Renewables and biofuels,Netherlands,2018,68056.693
Renewables and biofuels,Netherlands,2019,82069.297
Renewables and biofuels,Netherlands,2020,118792.411
Renewables and biofuels,Poland,1990,12124.8
Renewables and biofuels,Poland,1991,12578.4
Renewables and biofuels,Poland,1992,13251.6
Renewables and biofuels,Poland,1993,13093.2
Renewables and biofuels,Poland,1994,13813.2
Renewables and biofuels,Poland,1995,14108.4
Renewables and biofuels,Poland,1996,14554.8
Renewables and biofuels,Poland,1997,14353.2
Renewables and biofuels,Poland,1998,16383.6
Renewables and biofuels,Poland,1999,16124.4
Renewables and biofuels,Poland,2000,15631.2
Renewables and biofuels,Poland,2001,16840.8
Renewables and biofuels,Poland,2002,15818.4
Renewables and biofuels,Poland,2003,13939.2
Renewables and biofuels,Poland,2004,17336.891
Renewables and biofuels,Poland,2005,19528.135
Renewables and biofuels,Poland,2006,18968.227
Renewables and biofuels,Poland,2007,21659.839
Renewables and biofuels,Poland,2008,25929.414
Renewables and biofuels,Poland,2009,33400.728
Renewables and biofuels,Poland,2010,41245.085
Renewables and biofuels,Poland,2011,48842.05
Renewables and biofuels,Poland,2012,62306.118
Renewables and biofuels,Poland,2013,63447.458
Renewables and biofuels,Poland,2014,73415.192
Renewables and biofuels,Poland,2015,83833.42
Renewables and biofuels,Poland,2016,83842.574
Renewables and biofuels,Poland,2017,88547.224
Renewables and biofuels,Poland,2018,79324.546
Renewables and biofuels,Poland,2019,94195.073
Renewables and biofuels,Poland,2020,104562.767
Total,Germany,1990,1980054.0
Total,Germany,1991,1942682.4
Total,Germany,1992,1934892.0
Total,Germany,1993,1894593.6
Total,Germany,1994,1904976.0
Total,Germany,1995,1934222.4
Total,Germany,1996,1999339.2
Total,Germany,1997,1985594.4
Total,Germany,1998,2003014.8
Total,Germany,1999,2002680.0
Total,Germany,2000,2075554.8
Total,Germany,2001,2111061.6
Total,Germany,2002,2112098.4
Total,Germany,2003,2185966.8
Total,Germany,2004,2218060.8
Total,Germany,2005,2232716.4
Total,Germany,2006,2291670.0
Total,Germany,2007,2301228.0
Total,Germany,2008,2301235.2
Total,Germany,2009,2140506.0
Total,Germany,2010,2271736.8
Total,Germany,2011,2199682.8
Total,Germany,2012,2255378.4
Total,Germany,2013,2292969.6
Total,Germany,2014,2252818.8
Total,Germany,2015,2327342.4
Total,Germany,2016,2334819.6
Total,Germany,2017,2347279.2
Total,Germany,2018,2300043.6
Total,Germany,2019,2179548.0
Total,Germany,2020,2055920.4
Total,Spain,1990,546922.8
Total,Spain,1991,560883.6
Total,Spain,1992,571399.2
Total,Spain,1993,564487.2
Total,Spain,1994,582670.8
Total,Spain,1995,601524.0
Total,Spain,1996,628052.4
Total,Spain,1997,685447.2
Total,Spain,1998,702777.6
Total,Spain,1999,749689.2
Total,Spain,2000,808084.8
Total,Spain,2001,849729.6
Total,Spain,2002,881823.6
Total,Spain,2003,938541.6
Total,Spain,2004,997240.968
Total,Spain,2005,1040723.316
Total,Spain,2006,1076871.485
Total,Spain,2007,1097046.749
Total,Spain,2008,1128424.129
Total,Spain,2009,1059404.4
Total,Spain,2010,1084925.52
Total,Spain,2011,1057233.6
Total,Spain,2012,1070581.046
Total,Spain,2013,1028272.032
Total,Spain,2014,1003497.415
Total,Spain,2015,1010503.634
Total,Spain,2016,988789.561
Total,Spain,2017,992286.0
Total,Spain,2018,987688.8
Total,Spain,2019,983224.8
Total,Spain,2020,947566.8
Total,France,1990,1514708.179
Total,France,1991,1640003.364
Total,France,1992,1669103.266
Total,France,1993,1701748.285
Total,France,1994,1716722.323
Total,France,1995,1779386.224
Total,France,1996,1848232.134
Total,France,1997,1817170.441
Total,France,1998,1840596.001
Total,France,1999,1892902.417
Total,France,2000,1943837.78
Total,France,2001,1978310.74
Total,France,2002,2012633.06
Total,France,2003,2040618.69
Total,France,2004,2066595.872
Total,France,2005,2073822.635
Total,France,2006,2069534.322
Total,France,2007,2050071.808
Total,France,2008,2064836.858
Total,France,2009,1928462.886
Total,France,2010,2048951.221
Total,France,2011,2061217.242
Total,France,2012,2059234.286
Total,France,2013,2093853.701
Total,France,2014,2059198.542
Total,France,2015,2083948.564
Total,France,2016,2028559.453
Total,France,2017,2020402.71
Total,France,2018,2092165.808
Total,France,2019,2053275.098
Total,France,2020,1912323.773
Total,Italy,1990,779760.0
Total,Italy,1991,798537.6
Total,Italy,1992,813387.6
Total,Italy,1993,800816.4
Total,Italy,1994,833432.4
Total,Italy,1995,868032.0
Total,Italy,1996,878716.8
Total,Italy,1997,902829.6
Total,Italy,1998,932662.8
Total,Italy,1999,954036.0
Total,Italy,2000,993078.846
Total,Italy,2001,1001476.915
Total,Italy,2002,1024223.648
Total,Italy,2003,1054785.535
Total,Italy,2004,1088630.788
Total,Italy,2005,1089308.135
Total,Italy,2006,1127140.776
Total,Italy,2007,1126322.575
Total,Italy,2008,1145576.862
Total,Italy,2009,1051336.728
Total,Italy,2010,1084625.622
Total,Italy,2011,1086380.435
Total,Italy,2012,1074691.595
Total,Italy,2013,1040577.487
Total,Italy,2014,1004995.814
Total,Italy,2015,1016625.859
Total,Italy,2016,1040516.492
Total,Italy,2017,1062608.458
Total,Italy,2018,1040786.053
Total,Italy,2019,1055531.286
Total,Italy,2020,1008106.312
Total,Netherlands,1990,258458.767
Total,Netherlands,1991,267347.304
Total,Netherlands,1992,277380.839
Total,Netherlands,1993,277002.637
Total,Netherlands,1994,286738.492
Total,Netherlands,1995,291132.857
Total,Netherlands,1996,306674.842
Total,Netherlands,1997,310628.646
Total,Netherlands,1998,327249.025
Total,Netherlands,1999,311552.77
Total,Netherlands,2000,321778.897
Total,Netherlands,2001,336317.058
Total,Netherlands,2002,344718.076
Total,Netherlands,2003,347747.828
Total,Netherlands,2004,363638.452
Total,Netherlands,2005,358777.94
Total,Netherlands,2006,355266.439
Total,Netherlands,2007,377961.484
Total,Netherlands,2008,386654.303
Total,Netherlands,2009,408814.196
Total,Netherlands,2010,428815.03
Total,Netherlands,2011,409727.466
Total,Netherlands,2012,371116.832
Total,Netherlands,2013,365426.021
Total,Netherlands,2014,371564.51
Total,Netherlands,2015,391621.644
Total,Netherlands,2016,409780.663
Total,Netherlands,2017,416342.678
Total,Netherlands,2018,409171.028
Total,Netherlands,2019,434906.982
Total,Netherlands,2020,442949.116
Total,Poland,1990,490719.6
Total,Poland,1991,484970.4
Total,Poland,1992,477900.0
Total,Poland,1993,481921.2
Total,Poland,1994,487249.2
Total,Poland,1995,500421.6
Total,Poland,1996,515422.8
Total,Poland,1997,514044.0
Total,Poland,1998,514040.49
Total,Poland,1999,511660.8
Total,Poland,2000,522664.546
Total,Poland,2001,524215.807
Total,Poland,2002,518853.478
Total,Poland,2003,545872.612
Total,Poland,2004,553986.493
Total,Poland,2005,563875.135
Total,Poland,2006,581126.098
Total,Poland,2007,572747.857
Total,Poland,2008,558858.017
Total,Poland,2009,546071.915
Total,Poland,2010,567270.752
Total,Poland,2011,588394.174
Total,Poland,2012,583409.754
Total,Poland,2013,592086.316
Total,Poland,2014,572100.437
Total,Poland,2015,593385.44
Total,Poland,2016,599649.887
Total,Poland,2017,613452.823
Total,Poland,2018,611692.52
Total,Poland,2019,589503.892
Total,Poland,2020,568616.537
